"","cname","litdiff","p_polity2","pei_eir","wbgi_gee","wdi_birth","wdi_empagrf","wdi_empagrm","wdi_empch","wdi_expedu","wdi_fertility","wdi_gdpcapcon2010","wdi_poprul"
"1","Afghanistan",25.670238494873,-1,2.6666665,-1.3346105,33.2109985351562,66.2180023193359,38.3580017089844,NA,4.0588698387146,4.63299989700317,571.440673828125,74.75
"2","Albania",0.752494812011719,9,6.3281736,0.083774075,11.9340000152588,42.5419998168945,35.0620002746582,NA,3.61172008514404,1.63800001144409,4864.310546875,40.617000579834
"3","Algeria",12.0999908447266,2,3.9583333,-0.58915931,24.8460006713867,3.84100008010864,11.3599996566772,NA,NA,3.04500007629394,4792.38720703125,27.9479999542236
"4","Andorra",NA,NA,NA,1.9372821,7.19999980926514,NA,NA,NA,3.21708989143372,NA,44430.7421875,11.8500003814697
"5","Angola",26.5669403076172,-2,4.25,-1.0253128,41.2809982299805,56.9889984130859,44.1360015869141,NA,NA,5.59999990463257,3409.93041992188,35.1609992980957
"6","Antigua and Barbuda",-1.01999664306641,NA,5.5,0.0098630413,15.5299997329712,NA,NA,NA,NA,1.99899995326996,14220.501953125,75.2870025634766
"7","Azerbaijan",0.141754150390625,-7,2.5476191,-0.16825087,14.6000003814697,42.1809997558594,30.9120006561279,NA,2.4738199710846,1.75,5764.6923828125,44.6570014953613
"8","Argentina",-0.124305725097656,9,7.9209657,0.14954197,17.2049999237061,0.0149999996647239,0.090999998152256,NA,5.46223020553589,2.27500009536743,10419.455078125,8.25100040435791
"9","Australia",NA,10,8.7591915,1.535514,12.6000003814697,1.65100002288818,3.41000008583069,NA,5.12424993515015,1.74100005626678,56058.46484375,14.0959997177124
"10","Austria",NA,10,8.7093925,1.4612607,10,3.67899990081787,4.15100002288818,NA,5.35803985595703,1.51999998092651,49031.10546875,41.9059982299805
"11","Bahamas",NA,NA,6.6666665,0.57706231,14.0489997863769,0.349999994039536,3.94600009918213,NA,NA,1.76199996471405,28282.517578125,17.0750007629394
"12","Bahrain",4.05995941162109,-10,3.3499999,0.19392078,14.3649997711182,0.046000000089407,1.27499997615814,NA,2.32781004905701,2.00999999046326,22167.078125,10.8140001296997
"13","Bangladesh",5.61666107177734,1,3.0625,-0.73345035,18.5009994506836,59.8860015869141,32.5550003051758,NA,1.53553998470306,2.06200003623962,1127.27160644531,64.1419982910156
"14","Armenia",0.128334045410156,5,6.015873,-0.10438936,14.2980003356934,34.8549995422363,28.3099994659424,NA,2.70759010314941,1.75,4198.794921875,36.8969993591309
"15","Barbados",0,NA,7.145833,0.84239405,10.6829996109009,1.71800005435944,3.7720000743866,NA,4.36638021469116,1.61500000953674,16254.240234375,68.8410034179688
"16","Belgium",NA,8,8.666667,1.1816927,10.5,0.704999983310699,1.55200004577637,NA,6.41228008270264,1.64999997615814,46409.12890625,2.03900003433227
"17","Bhutan",17.9362335205078,5,7.2777777,0.57128763,17.4589996337891,65.1949996948242,50.689998626709,NA,7.2257399559021,1.99399995803833,3072.02026367188,59.8330001831055
"18","Bolivia",7.93988800048828,7,6.909091,-0.38316944,22.0760002136231,30.6070003509521,30.3999996185303,13.920000076294,NA,2.77699995040894,2490.95629882812,30.9200000762939
"19","Bosnia and Herzegovina",NA,NA,5.135417,-0.48183131,8.29300022125244,16.94700050354,16.7310009002686,NA,NA,1.27600002288818,5828.71630859375,52.1240005493164
"20","Botswana",NA,8,7.5999999,0.4369733,25.3959999084473,16.7649993896484,25.492000579834,NA,NA,2.91000008583069,7859.1689453125,31.2999992370606
"21","Brazil",-0.352180480957031,8,7.5873184,-0.29100382,14.125,4.26200008392334,13.2840003967285,2.53999996185303,6.32254981994629,1.7389999628067,11021.71875,13.6909999847412
"22","Belize",NA,NA,6.75,-0.63649714,21.0809993743896,5.25,24.6180000305176,NA,7.50989007949829,2.34599995613098,4211.599609375,54.398998260498
"23","Solomon Islands",NA,8,6.625,-1.0063597,32.8769989013672,39.0369987487793,38.640998840332,NA,NA,4.43400001525879,1751.51416015625,76.713996887207
"24","Brunei",1.75235748291016,NA,NA,1.1443354,15.3760004043579,0.441000014543533,2.03200006484985,NA,4.42540979385376,1.88100004196167,31752.740234375,22.6879997253418
"25","Bulgaria",NA,9,6.7390995,0.26019415,9,4.5329999923706,9.17199993133545,NA,4.09250020980835,1.55999994277954,8353.9677734375,25.3309993743896
"26","Myanmar",8.16459655761719,8,6.8125,-1.0521406,17.7029991149902,45.4799995422363,54.0410003662109,NA,2.08768010139465,2.16799998283386,1482.66271972656,69.6780014038086
"27","Burundi",15.0723609924316,-1,1.375,-1.3411065,39.6459999084473,96.0589981079102,87.6149978637695,NA,4.76202011108398,5.5019998550415,214.139251708984,87.2939987182617
"28","Belarus",0.0688018798828125,-7,3.25,-0.33793011,10.8000001907349,7.26300001144409,14.1730003356934,NA,4.79499006271362,1.54100000858307,6375.2890625,21.8659992218018
"29","Cambodia",11.4985733032227,-4,3.1333332,-0.65813839,22.8889999389648,37.5919990539551,33.1150016784668,NA,2.16285991668701,2.52999997138977,1135.84436035156,77.0199966430664
"30","Cameroon",11.0417633056641,-4,4.6111112,-0.81367296,35.9000015258789,49.7140007019043,40.5410003662109,NA,3.15481996536255,4.63899993896484,1481.73193359375,44.2229995727539
"31","Canada",NA,10,9.083333,1.8541601,10.3000001907349,0.962999999523163,2.01999998092651,NA,NA,1.49609994888306,51170.4765625,18.6499996185303
"32","Cape Verde",9.64921569824219,10,8.895834,0.16793048,19.9190006256104,7.92999982833862,17.9869995117188,NA,5.18174982070923,2.30900001525879,3619.62109375,34.7389984130859
"33","Central African Republic",23.7582111358643,6,7,-1.7650363,35.6599998474121,82.0210037231445,74.3690032958984,NA,NA,4.7960000038147,371.108795166016,59.0200004577637
"34","Sri Lanka",2.00981140136719,6,7.5555553,-0.14797747,16.1060009002686,29.4099998474121,24.3899993896484,NA,2.79924988746643,2.20600008964539,3860.150390625,81.6159973144531
"35","Chad",17.3735609054565,-2,2.3333333,-1.469803,42.6829986572266,75.6569976806641,78.109001159668,55.8956184387207,2.45481991767883,5.84600019454956,817.534118652344,77.1419982910156
"36","Chile",0.1466064453125,10,9.0789471,0.84351569,12.7110004425049,5.35099983215332,12.0369997024536,NA,5.4194598197937,1.67799997329712,14741.1923828125,12.5100002288818
"37","China",3.30720520019531,-7,NA,0.42046991,12.4300003051758,24.0410003662109,29.3040008544922,NA,NA,1.68299996852875,7346.83642578125,42.0400009155273
"38","Taiwan",NA,10,9.1428576,1.2636065,NA,NA,NA,NA,NA,NA,NA,NA
"39","Colombia",-0.467086791992188,7,6.8589287,-0.07388176,15.0979995727539,7.73600006103516,22.8840007781982,5.55999994277954,4.53551006317139,1.82500004768372,7620.916015625,19.5540008544922
"40","Comoros",11.6878128051758,9,5.3499999,-1.566743,32.3650016784668,56.6590003967285,47.015998840332,NA,2.5450599193573,4.27500009536743,1386.92236328125,71.2160034179688
"41","Congo",11.4577484130859,-4,1.5277778,-1.1984828,33.3779983520508,34.6689987182617,35.193000793457,NA,5.4650502204895,4.48199987411499,2520.61840820312,33.5410003662109
"42","Congo, Democratic Republic",22.0247116088867,-3,NA,-1.6352302,41.7319984436035,73.7419967651367,59.2639999389648,41.391429901123,1.45494997501373,6.01700019836426,408.9248046875,56.1199989318848
"43","Costa Rica",-0.122077941894531,10,9.479166,0.24859558,14.246000289917,4.52600002288818,17.3500003814697,1.30999994277954,7.31572008132935,1.77199995517731,9775.8505859375,21.4400005340576
"44","Croatia",NA,9,7.6388888,0.57130635,8.89999961853027,5.13100004196167,8.54199981689453,NA,3.91712999343872,1.41999995708466,15396.80078125,43.3330001831055
"45","Cuba",NA,-7,NA,-0.18184105,10.3859996795654,7.67899990081787,24.5270004272461,NA,NA,1.63699996471405,6666.33154296875,23.0230007171631
"46","Cyprus (1975-)",NA,10,8.3296032,0.91997778,10.6680002212524,1.07799994945526,3.76699995994568,NA,5.77719020843506,1.33700001239777,30650.244140625,33.1640014648438
"47","Czech Republic",-0.0725936889648438,9,8.5332747,1.0053248,10.8000001907349,1.78900003433227,3.60599994659424,NA,3.85402011871338,1.69000005722046,23144.408203125,26.3250007629394
"48","Benin",22.9053821563721,7,8.2321434,-0.64820498,36.6209983825684,31.8269996643066,47.9469985961914,NA,3.53558993339539,4.9060001373291,1166.76062011719,53.2319984436035
"49","Denmark",NA,10,9.7777777,1.7969428,10.6000003814697,1.00999999046326,3.28500008583069,NA,7.81608009338379,1.75,63216,12.2430000305176
"50","Dominica",NA,NA,NA,-0.25377202,12,NA,NA,NA,5.57345008850098,NA,6561.4072265625,29.8190002441406
"51","Dominican Republic",0.0294723510742188,7,5.6999998,-0.3700335,19.7989997863769,1.30299997329712,14.8219995498657,13.1965932846069,NA,2.36700010299683,7273.35400390625,19.7229995727539
"52","Ecuador",1.69236755371094,5,5.7692308,-0.32184374,19.9680004119873,24.7670001983643,29.7080001831055,5.56200504302979,4.99870014190674,2.45099997520447,5205.76318359375,36.3300018310547
"53","El Salvador",3.95774078369141,8,6.5952382,-0.36494723,18.4290008544922,3.96399998664856,29.1709995269775,NA,3.7252299785614,2.05900001525879,3441.31323242188,28.7250003814697
"54","Equatorial Guinea",NA,-6,1.9060606,-1.4381831,33.7249984741211,43.4679985046387,41.2680015563965,NA,NA,4.59899997711182,11225.3720703125,28.3540000915527
"55","Ethiopia (1993-)",14.8180770874024,-3,1.5882353,-0.69795704,32.7750015258789,59.5470008850098,74.0039978027344,NA,4.73791980743408,4.34999990463257,548.419494628906,79.6900024414062
"56","Eritrea",15.4270477294922,-7,NA,-1.7209692,30.8980007171631,67.5250015258789,58.5839996337891,NA,NA,4.11199998855591,NA,NA
"57","Estonia",NA,9,8.8888893,1.1093566,10.5,1.91999995708466,5.03900003433228,NA,4.97338008880615,1.5900000333786,19167.521484375,31.2830009460449
"58","Fiji",-0.00739288330078125,2,5.7389708,0.092309326,21.5599994659424,36.5690002441406,38.5999984741211,NA,NA,2.78800010681152,4650.3017578125,44.257999420166
"59","Finland",NA,10,9.8874998,1.9368565,9.10000038146973,2.15199995040894,5.25600004196167,NA,6.37621021270752,1.49000000953674,48213.3828125,14.6750001907349
"60","France (1963-)",NA,9,9.0263157,1.3520895,11.5,1.60099995136261,3.57100009918213,NA,5.45160007476807,1.89999997615814,43015.2109375,19.8199996948242
"61","Djibouti",NA,3,2.9000001,-1.0310354,21.9440002441406,32.8040008544922,36.0130004882812,NA,3.74855995178223,2.78500008583069,NA,22.3519992828369
"62","Gabon",2.42837524414062,3,2.6944444,-0.92525393,32.1609992980957,49.6040000915527,25.05299949646,NA,2.66667008399963,4.00799989700317,9212.3193359375,11.0240001678467
"63","Georgia",0.142776489257812,7,6.7055554,0.58195257,13.7180004119873,45.6479988098145,41.0229988098145,NA,3.57442998886108,2.06200003623962,4512.76123046875,41.7690010070801
"64","Gambia",20.1902313232422,4,7.3333335,-0.64650178,38.9669990539551,34.7369995117188,23.8929996490479,23.75,2.42030000686646,5.2810001373291,760.124694824219,39.4010009765625
"65","Germany",NA,10,9.4542122,1.7192912,9.5,0.882000029087067,1.62100005149841,NA,4.90511989593506,1.57000005245209,46862.04296875,22.7390003204346
"66","Ghana",9.05019378662109,8,8.3999996,-0.10918708,29.8390007019043,24.7189998626709,38.2799987792969,NA,3.61798000335693,3.92600011825561,1739.46752929688,44.5929985046387
"67","Kiribati",NA,NA,NA,-0.24598373,28.2940006256104,NA,NA,NA,NA,3.60999989509583,1763.22998046875,46.7379989624023
"68","Greece",1.11295318603516,10,8.6153851,0.31337345,8.19999980926514,11.4790000915527,12.5069999694824,NA,NA,1.35000002384186,23052.986328125,21.2759990692139
"69","Grenada",-0.0199966430664062,NA,7.1666665,-0.17545509,16.7010002136231,NA,NA,NA,3.17379999160767,2.08299994468689,8775.8984375,63.8359985351562
"70","Guatemala",10.385498046875,8,5.4444447,-0.64047855,24.9120006561279,10.1429996490478,42.2849998474121,7.24264049530029,2.951819896698,2.92000007629394,3286.7412109375,49.3199996948242
"71","Guinea",21.6778411865234,4,5.125,-1.0384904,36.7649993896484,64.8479995727539,60.8359985351562,NA,2.31765007972717,4.77699995040894,869.018981933594,64.2070007324219
"72","Guyana",1.27976989746094,7,7.1428571,-0.29101905,20.2019996643066,9.56099987030029,22.7719993591309,NA,6.23007011413574,2.48499989509583,5604.56494140625,73.4619979858398
"73","Haiti",6.97712707519531,5,3.25,-2.0697525,24.75,13.6409997940063,42.681999206543,NA,2.68945002555847,2.98600006103516,1277.37438964844,45.6539993286133
"74","Honduras",-0.127914428710938,7,3.3714285,-0.50808096,21.8589992523193,9.21300029754639,44.2980003356934,10.5018701553345,6.06746006011963,2.49600005149841,2176.29516601562,43.5429992675781
"75","Hungary",0.0600051879882812,10,5.2088814,0.52213418,9.69999980926514,2.83999991416931,6.85799980163574,NA,4.66709995269775,1.53999996185303,15912.0146484375,28.9379997253418
"76","Iceland",NA,NA,9.4446392,1.4505436,11.8999996185303,1.95899999141693,5.36600017547607,NA,7.65821981430054,1.71000003814697,51045.94140625,6.22700023651123
"77","India",16.5758972167969,9,7.25,0.089892484,18.0830001831055,56.439998626709,40.890998840332,NA,NA,2.24300003051758,1986.63293457031,66.4000015258789
"78","Indonesia",3.33915710449219,9,7.0059524,0.040851168,18.4220008850098,28.82200050354,32.0429992675781,NA,3.58360004425049,2.33599996566773,4120.52197265625,45.3409996032715
"79","Iran",9.56497192382812,-7,5.5178571,-0.19744448,19.0109996795654,21.3320007324219,16.757999420166,NA,3.79040002822876,2.1159999370575,6948.705078125,25.6060009002686
"80","Iraq",11.2999954223633,6,4,-1.2632843,29.693000793457,18.2110004425049,18.628999710083,NA,NA,3.76200008392334,5635.6591796875,29.7220001220703
"81","Ireland",NA,10,8.7921143,1.2909769,12.8999996185303,1.55599999427795,8.00800037384033,NA,3.50686001777649,1.76999998092651,71755.96875,37.0530014038086
"82","Israel",NA,6,8.8357143,1.3856862,21.1000003814697,0.535000026226044,1.38900005817413,NA,6.09261989593506,3.10999989509583,34243.01171875,7.66400003433228
"83","Italy",0.38153076171875,10,8.291666,0.50212741,7.59999990463257,2.35400009155273,4.81799983978271,NA,4.04493999481201,1.32000005245209,35086.4765625,29.8560009002686
"84","Cote d'Ivoire",13.1575698852539,4,7.1079545,-0.7580353,35.9930000305176,32.601001739502,48.3819999694824,NA,3.80347990989685,4.7039999961853,1600.76525878906,49.673999786377
"85","Jamaica",-9.25999450683594,9,8.272727,0.48505181,16.2859992980957,9.1870002746582,22.761999130249,NA,5.2606201171875,1.99300003051758,4785.6533203125,44.6220016479492
"86","Japan",NA,10,8.3003206,1.6171358,7.59999990463257,2.99300003051758,3.78699994087219,NA,3.18217992782593,1.42999994754791,48510.609375,8.46500015258789
"87","Kazakhstan",0.0906906127929688,-6,3.9375,0.0061336765,21.6399993896484,15.4340000152588,18.1830005645752,NA,2.75081992149353,2.73000001907349,10867.73828125,42.6640014648438
"88","Jordan",0.782135009765625,-3,6.375,0.10907641,22.6219997406006,1.00499999523163,3.6159999370575,1.23000001907349,3.28404998779297,2.84899997711182,3305.66821289062,9.25300025939941
"89","Kenya",6.79990386962891,9,3.9539683,-0.31992179,29.2959995269775,62.1640014648438,49.9620018005371,NA,5.36668014526367,3.57200002670288,1156.42529296875,73.4380035400391
"90","Korea, North",NA,-10,NA,-1.6717273,13.9099998474121,60.2280006408691,43.5089988708496,NA,NA,1.91100001335144,NA,38.3219985961914
"91","Korea, South",NA,8,8.5749998,1.0727642,7,4.46999979019165,5.01100015640259,NA,4.33309984207153,1.05200004577637,27492.576171875,18.4969997406006
"92","Kuwait",1.87137603759766,-7,5.979167,-0.17656831,14.6510000228882,0.0329999998211861,2.83200001716614,NA,NA,2.08299994468689,33359.4296875,0
"93","Kyrgyzstan",0.177291870117188,8,6.8214283,-0.71100795,24.7999992370606,22.246000289917,23.5139999389648,41.0805549621582,6.02618980407715,3,1072.49365234375,63.8650016784668
"94","Laos",10.5702438354492,-7,2.5,-0.38321972,23.9549999237061,66.0879974365234,62.306999206543,NA,2.93780994415283,2.70900011062622,1706.79321289062,65.6320037841797
"95","Lebanon",3.54965209960938,6,5.3636365,-0.51159191,17.6700000762939,15.0139999389648,13.6960000991821,NA,NA,2.09699988365173,6370.88916015625,11.5710000991821
"96","Lesotho",-17.1874237060547,8,7.2750001,-0.85521531,27.1700000762939,3.16300010681152,13.4700002670288,NA,7.96331977844238,3.1710000038147,1391.9365234375,72.2699966430664
"97","Latvia",-0.0380325317382812,8,8.048296,0.90379453,10.6999998092651,4.2039999961853,9.57999992370605,NA,4.39711999893188,1.69000005722046,15512.7255859375,31.9249992370606
"98","Liberia",28.6043014526367,6,7,-1.3409439,33.4259986877441,42.3569984436035,45.0060005187988,NA,2.76128005981445,4.38700008392334,548.010559082031,49.3030014038086
"99","Libya",NA,0,NA,-1.7738808,19.3799991607666,22.7189998626709,17.4050006866455,NA,NA,2.27699995040894,7085.81201171875,20.1830005645752
"100","Liechtenstein",NA,NA,NA,1.7648875,8.89999961853027,NA,NA,NA,NA,1.44000005722046,NA,85.6849975585938
"101","Lithuania",NA,10,8.75,0.96533698,10.1000003814697,5.39900016784668,10.2829999923706,NA,3.81282997131348,1.62999999523163,16908.126953125,32.484001159668
"102","Luxembourg",NA,10,8.5,1.6831468,10.3999996185303,0.695999979972839,1.97300004959106,NA,3.56959009170532,1.38999998569489,109452.9609375,9.27299976348877
"103","Madagascar",4.89105224609375,6,4.59375,-1.1396072,32.8969993591309,61.6980018615723,68.6039962768555,NA,2.82548999786377,4.13000011444092,481.383148193359,63.4780006408691
"104","Malawi",14.5498580932617,6,5.0666666,-0.65952575,34.5929985046387,44.6759986877441,44.5909996032715,48.9000015258789,4.03133010864258,4.30200004577637,512.645629882812,83.286003112793
"105","Malaysia (1966-)",2.94505310058594,5,3.6897435,0.82786417,16.867000579834,6.68300008773804,13.6339998245239,NA,4.67756986618042,2.01900005340576,11736.8486328125,24.55299949646
"106","Maldives",-0.815780639648438,NA,5.8555555,-0.45159131,14.8909997940063,2.1010000705719,10.9239997863769,NA,4.09970998764038,1.90600001811981,7837.38671875,60.6199989318848
"107","Mali",20.4489784240723,5,4.151515,-0.93672204,42.0779991149902,63.4550018310547,64.3860015869141,NA,3.78730988502502,5.96799993515015,766.142333984375,58.4280014038086
"108","Malta",-2.97875213623047,NA,8.0499992,1.0043719,9.19999980926514,0.34400001168251,1.43299996852875,NA,4.82437992095947,1.25999999046326,28201.5234375,5.4539999961853
"109","Mauritania",20.3941612243652,-2,3.9444444,-0.72822696,34.1319999694824,52.0620002746582,52.9790000915527,NA,1.94405996799469,4.61899995803833,1715.61071777344,47.1759986877441
"110","Mauritius",3.99097442626953,10,8.5,0.89944553,10.6999998092651,5.34800004959106,7.16599988937378,NA,5.02312994003296,1.44000005722046,10199.4794921875,59.1590003967285
"111","Mexico",1.70661163330078,8,7.3199301,-0.029903697,17.9179992675781,3.81399989128113,18.6620006561279,NA,4.52281999588013,2.15700006484985,10277.8837890625,20.132999420166
"112","Monaco",NA,NA,NA,NA,5.90000009536743,NA,NA,NA,1.45792996883392,NA,186185.109375,0
"113","Mongolia",-0.462875366210938,10,7.185185,-0.26470196,24.8330001831055,26.1009998321533,31.0590000152588,NA,4.08859014511108,2.91400003433227,3997.48583984375,31.636999130249
"114","Moldova",0.461593627929688,9,6.4722223,-0.5276804,10.2740001678467,27.9489994049072,36.5989990234375,NA,5.6184401512146,1.25899994373322,3321.6220703125,57.443000793457
"115","Montenegro",1.17912292480469,9,5.1904764,0.17505457,11.7749996185303,6.93400001525879,8.71199989318848,NA,NA,1.73800003528595,7852.4599609375,33.5229988098145
"116","Morocco",18.7099761962891,-4,6,-0.1935492,19.3990001678467,55.7319984436035,29.7310009002686,NA,NA,2.45099997520447,3305.41918945312,38.0919990539551
"117","Mozambique",22.3043098449707,5,3.875,-0.89174491,37.8759994506836,80.9919967651367,60.2360000610352,NA,5.50555992126465,4.92199993133545,589.719055175781,64.5449981689453
"118","Oman",4.79827117919922,-8,7,0.19291514,19.7859992980957,0.381999999284744,5.34100008010864,NA,NA,2.92000007629394,16067.072265625,16.4400005340576
"119","Namibia",0.190986633300781,6,6.7142859,0.20023991,29.1049995422363,19.4570007324219,23.1410007476807,NA,NA,3.44700002670288,6013.29345703125,50.9949989318848
"120","Nauru",NA,NA,NA,-0.43434697,NA,NA,NA,NA,NA,NA,7572.7919921875,0
"121","Nepal",18.8669090270996,6,7.3000002,-0.88687617,20.1959991455078,75.8489990234375,53.8779983520508,42.8274917602539,5.51837015151978,1.96700000762939,779.203979492188,80.6640014648438
"122","Netherlands",NA,10,9.1176472,1.8517932,9.89999961853027,1.46200001239777,2.95499992370606,NA,5.17509984970093,1.62000000476837,53942.0859375,8.92300033569336
"123","Vanuatu",1.60025787353516,NA,7.125,-0.90109712,30.0149993896484,56.6559982299805,57.5279998779297,NA,4.53353023529053,3.8199999332428,2854.00024414062,74.8369979858398
"124","New Zealand",NA,10,9.2587414,1.7661529,12.4300003051758,4.26000022888184,7.96999979019165,NA,6.28366994857788,1.80999994277954,37725.12109375,13.5340003967285
"125","Nicaragua",-0.340797424316406,6,2,-0.62978745,21.0599994659424,8.53699970245361,43.6360015869141,NA,4.35767984390259,2.4300000667572,1957.84399414062,41.701000213623
"126","Niger",16.9440593719483,5,6,-0.7042371,46.5400009155273,70.5810012817383,79.1949996948242,NA,2.58165001869202,7.00099992752075,535.174865722656,83.6500015258789
"127","Nigeria",18.5992279052734,7,6.3333335,-1.0123316,38.3839988708496,25.1030006408691,44.9290008544922,NA,NA,5.45699977874756,2399.73120117188,50.4809989929199
"128","Norway",NA,10,9.6514425,1.9832231,10.6999998092651,0.943000018596649,3.07100009918213,NA,7.91198015213013,1.62000000476837,91549.0390625,18.128999710083
"129","Micronesia",NA,NA,7.4166665,0.089744702,22.9370002746582,NA,NA,NA,12.407919883728,3.09800004959106,2751.71240234375,77.3919982910156
"130","Marshall Islands",NA,NA,NA,-1.5533407,NA,NA,NA,NA,NA,NA,2977.79663085938,23.3659992218018
"131","Palau",0.472602844238281,NA,NA,-0.22938624,12.3999996185303,NA,NA,NA,NA,2.21000003814697,12257.7158203125,20.6350002288818
"132","Pakistan (1971-)",24.6483268737793,7,5.677083,-0.59763825,28.5990009307861,69.9879989624023,32.0989990234375,NA,2.89951992034912,3.56200003623962,1155.36340332031,63.5579986572266
"133","Panama",1.08721160888672,9,6.875,0.021819184,19.2630004882812,8.65299987792969,18.2220001220703,5.62041711807251,NA,2.48699998855591,11530.0712890625,32.6349983215332
"134","Papua New Guinea",NA,5,3,-0.66549063,27.3640003204346,62.5289993286133,57.3460006713867,NA,1.96493005752563,3.60999989509583,2452.32666015625,86.8980026245117
"135","Paraguay",0.979774475097656,9,5.6964283,-0.82379007,20.7870006561279,14.9519996643066,23.5370006561279,10.4210500717163,3.43833994865417,2.45300006866455,5272.36083984375,38.7000007629395
"136","Peru",5.76961517333984,9,6.9475527,-0.12953262,18.1340007781982,26.068000793457,29.0629997253418,22.5665721893311,3.93130993843079,2.27500009536743,6314.29150390625,22.2800006866455
"137","Philippines",-0.118499755859375,8,6.7414532,-0.049425475,21.0359992980957,15.3280000686646,31.6800003051758,NA,NA,2.64000010490417,3042.68676757812,53.318000793457
"138","Poland",NA,10,8.666666,0.6430409,10.6000003814697,8.86200046539307,11.3129997253418,NA,4.55956983566284,1.48000001907349,15802.705078125,39.8950004577637
"139","Portugal",2.28110504150391,10,8.9486847,1.3320278,8.39999961853027,4.18300008773804,8.49899959564209,NA,5.0156102180481,1.37999999523163,23380.693359375,35.3479995727539
"140","Guinea-Bissau",31.3894596099853,6,6.875,-1.76677,35.6969985961914,71.6360015869141,66.2929992675781,63.9161796569824,NA,4.55299997329712,615.038879394531,57.0550003051758
"141","Timor-Leste",7.65778350830078,8,8.1509256,-0.99721628,29.4529991149902,43.6110000610352,48.7719993591309,NA,7.06049013137817,4.09299993515015,865.703369140625,69.7880020141602
"142","Qatar",-1.56704711914062,-10,NA,0.7404983,9.69799995422363,0.0099999997764826,1.442999958992,NA,2.86383008956909,1.8860000371933,64472.84765625,0.921999990940094
"143","Romania",0.50823974609375,9,7.5866013,-0.17212807,10.3000001907349,22.2840003967285,23.1590003967285,NA,3.09539008140564,1.71000003814697,10981.640625,46.0639991760254
"144","Russia",-0.00894927978515625,4,4.1153846,-0.075626113,11.5,4.03599977493286,7.66200017929077,NA,4.68990993499756,1.62000000476837,11550.525390625,25.7080001831055
"145","Rwanda",8.16426086425781,-3,5.5619049,0.26685211,32.0620002746582,73.765998840332,54.5349998474121,5.90000009536743,3.11083006858826,4.08799982070923,799.466857910156,82.875
"146","St Kitts and Nevis",NA,NA,NA,0.56055421,12.6000003814697,NA,NA,NA,2.6434600353241,NA,16589.466796875,69.2269973754883
"147","St Lucia",NA,NA,NA,0.26534998,12.1429996490478,11.878999710083,22.3390007019043,NA,3.33179998397827,1.44799995422363,9046.2744140625,81.3880004882812
"148","St Vincent and the Grenadines",NA,NA,NA,0.26534998,14.4029998779297,4.95300006866455,15.5509996414185,NA,5.7319598197937,1.91100001335144,6730.89892578125,48.2159996032715
"149","San Marino",0.0301742553710938,NA,NA,NA,6.69999980926514,NA,NA,NA,3.37033009529114,NA,49542.76953125,2.92799997329712
"150","Sao Tome and Principe",6.64694976806641,NA,6.5285716,-0.75009114,31.9669990539551,9.54899978637695,25.0400009155273,NA,5.08415985107422,4.37400007247925,1283.60668945312,28.0319995880127
"151","Saudi Arabia",4.39650726318359,-10,NA,0.25723884,18.3190002441406,0.244000002741814,4.09600019454956,NA,NA,2.37299990653992,20693.943359375,16.3780002593994
"152","Senegal",25.0137176513672,7,5,-0.31749743,35.1199989318848,26.6089992523193,34.8419990539551,25.1388702392578,4.62496995925903,4.69700002670288,1495.34191894531,53.2599983215332
"153","Serbia",1.27142333984375,8,5.7150998,0.18426937,9.19999980926514,14.9289999008179,19.0230007171631,17.9379005432129,3.71509003639221,1.49000000953674,6565.4638671875,44.0579986572266
"154","Seychelles",-0.938438415527344,NA,NA,0.41476256,17.2000007629394,NA,NA,NA,4.42102003097534,2.41000008583069,14028.720703125,43.7389984130859
"155","Sierra Leone",16.794849395752,7,6.6666665,-1.1757572,33.9389991760254,53.6150016784668,58.9179992675781,NA,4.63576984405518,4.35900020599365,466.945068359375,58.3639984130859
"156","Singapore",3.10745239257812,-2,5.7857141,2.2200983,8.89999961853027,0.351999998092651,1.04900002479553,NA,NA,1.1599999666214,57378.86328125,0
"157","Slovakia",NA,10,8.5737181,0.80065566,10.6999998092651,1.37000000476837,3.82399988174439,NA,3.93913006782532,1.51999998092651,19832.189453125,46.2490005493164
"158","Vietnam",2.86006927490234,-7,3,0.0094425073,16.9790000915527,41.4679985046387,38.951000213623,NA,4.16744995117188,2.04200005531311,1852.96301269531,64.7870025634766
"159","Slovenia",0.0900039672851562,10,8.4510384,1.1706883,9.80000019073486,4.81699991226196,6.19700002670288,NA,4.78323984146118,1.62000000476837,25729.576171875,45.7270011901855
"160","Somalia",NA,5,NA,-2.2162058,41.9189987182617,87.3479995727539,82.0869979858398,NA,NA,6.16800022125244,NA,55.609001159668
"161","South Africa",1.2191162109375,9,7.5,0.28861064,20.9080009460449,3.7739999294281,6.46199989318848,NA,6.11305999755859,2.4300000667572,7476.38623046875,34.1500015258789
"162","Zimbabwe",0.901542663574219,4,3.8961539,-1.1887224,31.7320003509521,70.5930023193359,62.8419990539551,NA,5.81877994537354,3.70700001716614,1263.3212890625,67.7630004882812
"163","Spain",0.951614379882812,10,8.3387499,1.0338535,8.39999961853027,2.27099990844727,6.07499980926514,NA,4.20773983001709,1.30999994277954,32308.591796875,19.9200000762939
"164","South Sudan",11.4005489349365,0,NA,-2.4836612,35.3699989318848,74.2570037841797,42.3880004882812,NA,1.54390001296997,4.77500009536743,730.932067871094,80.6539993286133
"165","Sudan (2012-)",9.37192153930665,-4,3.6666667,-1.4332548,32.5419998168945,56.1710014343262,34.8219985961914,30.5550327301025,NA,4.4689998626709,1900.0927734375,65.629997253418
"166","Suriname",3.36198425292969,5,6.3636365,-0.61718988,18.7910003662109,4.17000007629395,9.62199974060059,NA,NA,2.44300007820129,7972.84033203125,33.9589996337891
"167","Eswatini (former Swaziland)",-0.255104064941406,-9,3.7857144,-0.54093295,26.7730007171631,11.0220003128052,14.6359996795654,NA,7.07032012939453,3.01799988746643,4698.95166015625,76.375
"168","Sweden",NA,10,9.4078674,1.8375756,11.5,1.01699995994568,2.57599997520447,NA,7.56883001327515,1.77999997138977,57467.25,12.8540000915527
"169","Switzerland",NA,10,9.25,2.0562606,10.3000001907349,2.58699989318848,3.55900001525879,NA,5.13018989562988,1.51999998092651,77684.046875,26.2390003204346
"170","Syria",NA,-9,1.5625,-1.7697716,24.1149997711182,8.98499965667725,11.7200002670288,NA,NA,2.84699988365173,NA,46.5
"171","Tajikistan",0.120002746582031,-3,3.0089285,-1.1148585,31.3640003204346,62.2470016479492,37.0730018615723,NA,5.23138999938965,3.60599994659424,1024.85900878906,73.0179977416992
"172","Thailand",2.77383422851562,-3,4.9285712,0.38496685,10.5129995346069,28.4860000610352,33.9440002441406,NA,NA,1.53199994564056,6135.47216796875,50.7999992370605
"173","Togo",26.017650604248,-2,2.9166665,-1.1249914,33.5499992370605,37.1370010375977,40.7729988098145,35.2258987426758,4.98975992202759,4.38399982452393,661.148132324219,58.8380012512207
"174","Tonga",-0.124046325683594,NA,8.5714283,-0.2178819,24.6259994506836,2.58299994468689,39.3639984130859,NA,NA,3.59500002861023,4415.8896484375,76.8310012817383
"175","Trinidad and Tobago",NA,10,NA,0.25940228,13.3020000457764,1.45299994945526,4.42999982833862,NA,NA,1.7389999628067,15261.8720703125,46.7949981689453
"176","United Arab Emirates",-2.54145050048828,-8,NA,1.4155799,10.456000328064,0.0099999997764826,1.93499994277954,NA,NA,1.44799995422363,41460.28515625,13.7519998550415
"177","Tunisia",13.8363494873047,7,7.9711537,-0.081631728,18.0100002288818,10.2840003967285,14.8009996414185,NA,6.59601020812988,2.21900010108948,4343.43994140625,31.3579998016357
"178","Turkey",5.32169342041016,-4,5.4250002,0.076711886,16.2639999389648,28.2049999237061,15.3009996414185,NA,NA,2.08100008964539,14975.0869140625,25.3560009002686
"179","Turkmenistan",0.150001525878906,-8,1.8,-1.2118202,24.6149997711182,19.8600006103516,21.4850006103516,NA,NA,2.83599996566773,7318.0654296875,48.8470001220703
"180","Tuvalu",NA,NA,NA,-0.74367589,NA,NA,NA,NA,NA,NA,3590.29248046875,38.4700012207031
"181","Uganda",11.8179550170898,-1,3.4166667,-0.57758605,38.9469985961914,77.6510009765625,68.6399993896484,NA,2.27204990386963,5.09499979019165,912.986572265625,76.8040008544922
"182","Ukraine",NA,4,6.9230766,-0.45758113,9.39999961853027,13.045000076294,17.6009998321533,NA,5.41226005554199,1.37399995326996,2988.50415039062,30.753999710083
"183","North Macedonia",2.11000061035156,9,5.3055553,0.14744292,10.9530000686646,15.8739995956421,16.4829998016357,NA,NA,1.50100004673004,5300.81494140625,42.2519989013672
"184","Egypt",10.9895248413086,-4,3.9682541,-0.6196748,27.0499992370606,36.9010009765625,21.992000579834,NA,NA,3.36999988555908,2818.54736328125,57.2949981689453
"185","United Kingdom",NA,8,8.3901806,1.414133,11.3999996185303,0.647000014781952,1.61000001430511,NA,5.44209003448486,1.74000000953674,43010.70703125,16.8570003509521
"186","Tanzania",10.1110229492188,3,5.3571429,-0.6340906,37.0750007629395,68.7360000610352,64.1539993286133,34.7348403930664,4.4305100440979,4.95300006866455,937.301513671875,66.9469985961914
"187","United States",NA,8,6.9166665,1.5542984,11.8000001907349,0.745999991893768,2.0090000629425,NA,4.96174001693726,1.76549994945526,53552.484375,17.9419994354248
"188","Burkina Faso",17.3869705200195,6,8.2222223,-0.57994318,38.4189987182617,18.632999420166,33.1590003967285,NA,5.60346984863281,5.27099990844727,771.64794921875,71.2570037841797
"189","Uruguay",-0.729721069335938,10,9.375,0.43178308,13.9630002975464,3.86700010299683,12.6800003051758,NA,4.8403000831604,1.98300004005432,14437.384765625,4.76000022888184
"190","Uzbekistan",0.0141067504882812,-9,2.2222223,-0.55788147,22.1000003814697,26.1450004577637,24.7000007629394,NA,5.2813401222229,2.41899991035461,2290.38134765625,49.4500007629395
"191","Venezuela",-0.174598693847656,-3,3.2482669,-1.3983279,18.2320003509521,1.16999995708466,11.9610004425049,NA,NA,2.29399991035461,14025.357421875,11.8170003890991
"192","Samoa",-0.288948059082031,NA,8,0.61618179,24.6889991760254,7.10799980163574,43.8950004577637,NA,4.1622200012207,3.92600011825561,3848.30126953125,81.5479965209961
"193","Yemen",NA,0,NA,-1.9154339,31.0400009155273,47.7890014648438,28.2919998168945,NA,NA,3.89000010490417,643.164001464844,63.984001159668
"194","Zambia",7.51773834228516,6,5.2638888,-0.62756807,36.6990013122559,55.8400001525879,44.6339988708496,NA,3.72965002059936,4.71799993515015,1660.76623535156,57.023998260498
